systemTime,ipAddress,multiPointRelaySelector,linkCost,linkQuality,neighborLinkQuality,RSSI value,AVG RSSI value,Connected,
1673270434,10.79.141.55,True,1.30957,1.0,1.0,-24,-23,1
1673270436,10.79.141.55,True,1.30957,1.0,1.0,-23,-23,1
1673270438,10.79.141.55,True,1.30957,1.0,1.0,-23,-23,1
1673270434,10.79.141.35,True,1.736328,1.0,1.0,-24,-23,1
1673270436,10.79.141.35,True,1.736328,1.0,1.0,-23,-23,1
1673270438,10.79.141.35,True,1.736328,1.0,1.0,-23,-23,1
