systemTime,ipAddress,multiPointRelaySelector,linkCost,linkQuality,neighborLinkQuality,RSSI value,AVG RSSI value,Connected,
1673271387,10.79.141.55,True,1.345703,0.776,1.0,-23,-23,1
1673271389,10.79.141.55,True,1.567383,0.662,1.0,-23,-23,1
1673271391,10.79.141.55,True,1.567383,0.662,1.0,-23,-23,1
1673271393,10.79.141.55,True,1.186523,0.886,1.0,-22,-22,1
1673271395,10.79.141.55,True,1.186523,0.886,1.0,-23,-22,1
1673271397,10.79.141.55,True,1.186523,0.886,1.0,-23,-22,1
1673271399,10.79.141.55,True,1.186523,0.886,1.0,-23,-22,1
1673271401,10.79.141.55,True,1.186523,0.886,1.0,-23,-23,1
