systemTime,ipAddress,multiPointRelaySelector,linkCost,linkQuality,neighborLinkQuality,RSSI value,AVG RSSI value,Connected,
1673271387,10.79.141.35,True,1.736328,1.0,1.0,-32,-33,1
1673271389,10.79.141.35,True,1.736328,1.0,1.0,-33,-33,1
1673271391,10.79.141.35,True,1.736328,1.0,1.0,-33,-34,1
1673271393,10.79.141.35,True,1.736328,1.0,1.0,-33,-34,1
1673271395,10.79.141.35,True,1.736328,1.0,1.0,-35,-35,1
1673271397,10.79.141.35,True,1.736328,1.0,1.0,-33,-33,1
1673271399,10.79.141.35,True,1.736328,1.0,1.0,-34,-34,1
1673271401,10.79.141.35,True,1.736328,1.0,1.0,-33,-33,1
