systemTime,ipAddress,multiPointRelaySelector,linkCost,linkQuality,neighborLinkQuality,RSSI value,AVG RSSI value,Connected,
1670495562,10.79.141.35,False,1.058594,1.0,1.0,-15,-15,1
1670495564,10.79.141.35,False,1.058594,1.0,1.0,-19,-16,1
1670495566,10.79.141.35,False,1.058594,1.0,1.0,-18,-18,1
1670495568,10.79.141.35,False,1.058594,1.0,1.0,-15,-17,1
1670495570,10.79.141.35,False,1.058594,1.0,1.0,-15,-16,1
1670495572,10.79.141.35,False,1.058594,1.0,1.0,-15,-15,1
1670495574,10.79.141.35,False,1.058594,1.0,1.0,-15,-15,1
