systemTime,ipAddress,multiPointRelaySelector,linkCost,linkQuality,neighborLinkQuality,RSSI value,AVG RSSI value,Connected,
1670496027,10.79.141.35,False,1.838867,1.0,1.0,-17,-18,1
1670496029,10.79.141.35,False,1.838867,1.0,1.0,-16,-16,1
1670496031,10.79.141.35,False,1.838867,1.0,1.0,-16,-17,1
1670496033,10.79.141.35,False,1.838867,1.0,1.0,-15,-17,1
