systemTime,ipAddress,multiPointRelaySelector,linkCost,linkQuality,neighborLinkQuality,RSSI value,AVG RSSI value,Connected,
1673338445,10.79.141.55,False,4194304.0,0.0,0.066,-36,-36,1
1673338447,10.79.141.55,False,4194304.0,0.113,0.059,-36,-36,1
1673338449,10.79.141.55,False,54.181641,0.164,0.113,-37,-36,1
1673338451,10.79.141.55,False,30.006836,0.207,0.164,-36,-36,1
1673338453,10.79.141.55,True,20.269531,0.246,0.207,-36,-36,1
1673338455,10.79.141.55,True,15.130859,0.282,0.246,-38,-36,1
1673338457,10.79.141.55,True,8.931641,0.435,0.282,-36,-36,1
