systemTime,ipAddress,multiPointRelaySelector,linkCost,linkQuality,neighborLinkQuality,RSSI value,AVG RSSI value,Connected,
1673270375,10.79.141.55,True,1.30957,1.0,1.0,-24,-24,1
1673270377,10.79.141.55,True,1.30957,1.0,1.0,-24,-24,1
1673270379,10.79.141.55,True,1.30957,1.0,1.0,-24,-24,1
1673270375,10.79.141.35,True,2.035156,1.0,1.0,-24,-24,1
1673270377,10.79.141.35,True,2.035156,1.0,1.0,-24,-24,1
1673270379,10.79.141.35,True,2.035156,1.0,1.0,-24,-24,1
