systemTime,ipAddress,multiPointRelaySelector,linkCost,linkQuality,neighborLinkQuality,RSSI value,AVG RSSI value,Connected,
1675410253,10.79.141.56,True,1.795898,1.0,1.0,-31,-33,1
1675410255,10.79.141.56,True,1.795898,1.0,1.0,-31,-31,1
1675410257,10.79.141.56,True,1.795898,1.0,1.0,-31,-33,1
1675410259,10.79.141.56,True,1.795898,1.0,1.0,-31,-33,1
