systemTime,ipAddress,multiPointRelaySelector,linkCost,linkQuality,neighborLinkQuality,RSSI value,AVG RSSI value,Connected,
1675410280,10.79.141.23,True,1.838867,1.0,1.0,-33,-34,1
1675410280,10.79.141.23,True,1.838867,1.0,1.0,-33,-34,1
1675410282,10.79.141.23,True,1.838867,1.0,1.0,-32,-33,1
1675410284,10.79.141.23,True,1.838867,1.0,1.0,-33,-33,1
