systemTime,ipAddress,multiPointRelaySelector,linkCost,linkQuality,neighborLinkQuality,RSSI value,AVG RSSI value,Connected,
1675411029,10.79.141.23,True,1.838867,1.0,1.0,-34,-33,1
1675411029,10.79.141.23,True,1.838867,1.0,1.0,-34,-33,1
1675411031,10.79.141.23,True,1.838867,1.0,1.0,-35,-34,1
1675411033,10.79.141.23,True,1.838867,1.0,1.0,-35,-34,1
