systemTime,ipAddress,multiPointRelaySelector,linkCost,linkQuality,neighborLinkQuality,RSSI value,AVG RSSI value,Connected,
1675408675,10.79.141.23,False,1.838867,1.0,1.0,-34,-34,1
1675408675,10.79.141.23,False,1.838867,1.0,1.0,-34,-34,1
1675408675,10.79.141.23,False,1.838867,1.0,1.0,-34,-34,1
1675408678,10.79.141.23,False,1.838867,1.0,1.0,-35,-34,1
1675408680,10.79.141.23,False,1.838867,1.0,1.0,-35,-34,1
