systemTime,ipAddress,multiPointRelaySelector,linkCost,linkQuality,neighborLinkQuality,RSSI value,AVG RSSI value,Connected,
1675411982,10.79.141.56,True,1.795898,1.0,1.0,-34,-34,1
1675411984,10.79.141.56,True,1.795898,1.0,1.0,-35,-34,1
1675411986,10.79.141.56,True,1.795898,1.0,1.0,-34,-34,1
1675411988,10.79.141.56,True,1.795898,1.0,1.0,-34,-34,1
1675411990,10.79.141.56,True,1.795898,1.0,1.0,-34,-34,1
1675411992,10.79.141.56,True,1.795898,1.0,1.0,-34,-34,1
