systemTime,ipAddress,multiPointRelaySelector,linkCost,linkQuality,neighborLinkQuality,RSSI value,AVG RSSI value,Connected,
1675412237,10.79.141.23,True,1.838867,1.0,1.0,-34,-34,1
1675412237,10.79.141.23,True,1.838867,1.0,1.0,-34,-34,1
1675412239,10.79.141.23,True,1.838867,1.0,1.0,-34,-34,1
1675412241,10.79.141.23,True,1.838867,1.0,1.0,-35,-34,1
1675412243,10.79.141.23,True,1.838867,1.0,1.0,-35,-35,1
