systemTime,ipAddress,multiPointRelaySelector,linkCost,linkQuality,neighborLinkQuality,RSSI value,AVG RSSI value,Connected,
1675409070,10.79.141.23,True,1.838867,1.0,1.0,-33,-33,1
1675409070,10.79.141.23,True,1.838867,1.0,1.0,-33,-33,1
1675409072,10.79.141.23,True,1.838867,1.0,1.0,-33,-33,1
1675409074,10.79.141.23,True,1.838867,1.0,1.0,-35,-33,1
