systemTime,ipAddress,multiPointRelaySelector,linkCost,linkQuality,neighborLinkQuality,RSSI value,AVG RSSI value,Connected,
1673339994,10.79.141.204,False,1.30957,1.0,1.0,-31,-31,1
1673339996,10.79.141.204,False,1.30957,1.0,1.0,-31,-31,1
1673339998,10.79.141.204,False,1.30957,1.0,1.0,-31,-31,1
1673340000,10.79.141.204,False,1.30957,1.0,1.0,-31,-31,1
1673340002,10.79.141.204,False,1.30957,1.0,1.0,-32,-31,1
