systemTime,ipAddress,multiPointRelaySelector,linkCost,linkQuality,neighborLinkQuality,RSSI value,AVG RSSI value,Connected,
1673340400,10.79.141.204,False,1.30957,1.0,1.0,-31,-31,1
1673340402,10.79.141.204,False,1.30957,1.0,1.0,-32,-31,1
1673340404,10.79.141.204,False,1.30957,1.0,1.0,-31,-31,1
1673340406,10.79.141.204,False,1.30957,1.0,1.0,-31,-31,1
1673340408,10.79.141.204,False,1.30957,1.0,1.0,-31,-31,1
1673340410,10.79.141.204,False,1.30957,1.0,1.0,-32,-31,1
1673340412,10.79.141.204,False,1.30957,1.0,1.0,-31,-31,1
1673340414,10.79.141.204,False,1.30957,1.0,1.0,-33,-31,1
1673340416,10.79.141.204,False,1.30957,1.0,1.0,-31,-31,1
