systemTime,ipAddress,multiPointRelaySelector,linkCost,linkQuality,neighborLinkQuality,RSSI value,AVG RSSI value,Connected,
1673340400,10.79.141.35,False,1.736328,1.0,1.0,-42,-38,1
1673340402,10.79.141.35,False,1.736328,1.0,1.0,-43,-40,1
1673340404,10.79.141.35,False,1.736328,1.0,1.0,-38,-39,1
1673340406,10.79.141.35,False,1.736328,1.0,1.0,-42,-39,1
1673340408,10.79.141.35,False,1.736328,1.0,1.0,-38,-40,1
1673340410,10.79.141.35,False,1.736328,1.0,1.0,-38,-39,1
1673340412,10.79.141.35,False,1.736328,1.0,1.0,-38,-38,1
1673340414,10.79.141.35,False,1.736328,1.0,1.0,-38,-39,1
1673340416,10.79.141.35,False,1.736328,1.0,1.0,-39,-39,1
