systemTime,ipAddress,multiPointRelaySelector,linkCost,linkQuality,neighborLinkQuality,RSSI value,AVG RSSI value,Connected,
1675767848,10.79.141.23,True,1.795898,1.0,1.0,-22,-21,1
1675767850,10.79.141.23,True,1.795898,1.0,1.0,-21,-20,1
1675767852,10.79.141.23,True,1.795898,1.0,1.0,-26,-23,1
1675767854,10.79.141.23,True,1.795898,1.0,1.0,-24,-23,1
1675767856,10.79.141.23,True,1.795898,1.0,1.0,-20,-23,1
1675767858,10.79.141.23,True,1.795898,1.0,1.0,-21,-23,1
1675767860,10.79.141.23,True,1.795898,1.0,1.0,-21,-24,1
