systemTime,ipAddress,multiPointRelaySelector,linkCost,linkQuality,neighborLinkQuality,RSSI value,AVG RSSI value,Connected,
1675767848,10.79.141.18,True,1.736328,1.0,1.0,-27,-28,1
1675767850,10.79.141.18,True,1.736328,1.0,1.0,-33,-28,1
1675767852,10.79.141.18,True,1.736328,1.0,1.0,-27,-29,1
1675767854,10.79.141.18,True,1.736328,1.0,1.0,-28,-29,1
1675767856,10.79.141.18,True,1.736328,1.0,1.0,-29,-30,1
1675767858,10.79.141.18,True,1.736328,1.0,1.0,-30,-31,1
1675767860,10.79.141.18,True,1.736328,1.0,1.0,-29,-32,1
